Benchmark,CPI,DF
527.cam4_r,0.49,36.33
519.lbm_r,1.64,148.06
510.parest_r,0.64,46.510000000000005
521.wrf_r,0.59,111.72
526.blender_r,0.53,28.450000000000003
508.namd_r,0.41,12.46
549.fotonik3d_r,2.38,143.58999999999997
511.povray_r,0.42,0.07
544.nab_r,0.54,10.32
503.bwaves_r,2.78,127.15
507.cactuBSSN_r,1.3,118.75
538.imagick_r,0.41,1.5
554.roms_r,1.62,132.97
